{
    "forward_flow": {
        "max": 7.628495950484648e-06,
        "min": -7.62886611482827e-06
    }
}